Year,Access_Base,Access_Base_Lower,Access_Base_Upper,Access_Optimistic,Access_Pessimistic,Usage_Base,Usage_Base_Lower,Usage_Base_Upper,Usage_Optimistic,Usage_Pessimistic
2025,0.5481684981684936,0.4889848494679933,0.6073521468689937,0.5481684981684936,0.5481684981684936,0.35985347985347715,0.33646707866210607,0.38323988104484824,0.35985347985347715,0.35985347985347715
2026,0.5766117216117195,0.5174280729112193,0.6357953703122197,0.5766117216117195,0.5766117216117195,0.3777289377289321,0.35434253653756104,0.4011153389203032,0.3777289377289321,0.3777289377289321
2027,0.6050549450549383,0.5458712963544381,0.6642385937554385,0.6050549450549383,0.6050549450549383,0.3956043956043871,0.372217994413016,0.4189907967957582,0.3956043956043871,0.3956043956043871
